id,name,email,age,city,country
1,Alice Johnson,alice.j@email.com,28,New York,USA
2,Bob Smith,bob.smith@email.com,35,London,UK
3,Carol Williams,carol.w@email.com,42,Toronto,Canada
4,David Brown,david.b@email.com,31,Sydney,Australia
5,Emma Davis,emma.d@email.com,26,Berlin,Germany
6,Frank Miller,frank.m@email.com,39,Paris,France
7,Grace Wilson,grace.w@email.com,33,Tokyo,Japan
8,Henry Moore,henry.m@email.com,45,Madrid,Spain
9,Iris Taylor,iris.t@email.com,29,Amsterdam,Netherlands
10,Jack Anderson,jack.a@email.com,37,Rome,Italy
11,Kate Thomas,kate.t@email.com,41,Stockholm,Sweden
12,Liam Jackson,liam.j@email.com,30,Oslo,Norway
13,Mia White,mia.w@email.com,27,Copenhagen,Denmark
14,Noah Harris,noah.h@email.com,36,Helsinki,Finland
15,Olivia Martin,olivia.m@email.com,32,Brussels,Belgium
16,Peter Thompson,peter.t@email.com,44,Vienna,Austria
17,Quinn Garcia,quinn.g@email.com,25,Lisbon,Portugal
18,Rachel Martinez,rachel.m@email.com,38,Dublin,Ireland
19,Sam Robinson,sam.r@email.com,34,Edinburgh,UK
20,Tina Clark,tina.c@email.com,40,Vancouver,Canada
21,Uma Rodriguez,uma.r@email.com,29,Barcelona,Spain
22,Victor Lee,victor.l@email.com,43,Singapore,Singapore
23,Wendy Walker,wendy.w@email.com,31,Hong Kong,China
24,Xavier Hall,xavier.h@email.com,36,Seoul,South Korea
25,Yara Allen,yara.a@email.com,28,Mumbai,India
26,Zack Young,zack.y@email.com,33,Dubai,UAE
27,Amy King,amy.k@email.com,37,Bangkok,Thailand
28,Ben Wright,ben.w@email.com,42,Manila,Philippines
29,Chloe Lopez,chloe.l@email.com,26,Jakarta,Indonesia
30,Daniel Hill,daniel.h@email.com,39,Mexico City,Mexico
